ProductModelID,Name,CatalogDescription,rowguid,ModifiedDate
1,Classic Vest,null,29321D47-1E4C-4AAC-887C-19634328C25E,2007-06-01T00:00:00.000+0000
2,Cycling Cap,null,474FB654-3C96-4CB9-82DF-2152EEFFBDB0,2005-06-01T00:00:00.000+0000
3,Full-Finger Gloves,null,A75483FE-3C47-4AA4-93CF-664B51192987,2006-06-01T00:00:00.000+0000
4,Half-Finger Gloves,null,14B56F2A-D4AA-40A4-B9A2-984F165ED702,2006-06-01T00:00:00.000+0000
5,HL Mountain Frame,null,FDD5407B-C2DB-49D1-A86B-C13A2E3582A2,2005-06-01T00:00:00.000+0000
6,HL Road Frame,null,4D332ECC-48B3-4E04-B7E7-227F3AC2A7EC,2002-05-02T00:00:00.000+0000
7,HL Touring Frame,null,D60ED2A5-C100-4C54-89A1-531404C4A20F,2009-05-16T16:34:28.980+0000
8,LL Mountain Frame,null,65BF3F6D-BCF2-4DB6-8515-FC5C57423037,2006-11-20T09:56:38.273+0000
9,LL Road Frame,null,DDC67A2F-024A-4446-9B54-3C679BABA708,2005-06-01T00:00:00.000+0000
10,LL Touring Frame,null,66C63844-2A24-473C-96D5-D3B3FD57D834,2009-05-16T16:34:28.980+0000
11,Long-Sleeve Logo Jersey,null,20EFE3F1-A2F8-4DDE-B74B-18265F61F863,2005-06-01T00:00:00.000+0000
12,Men's Bib-Shorts,null,219E2F87-26A9-483B-B968-04578E943096,2006-06-01T00:00:00.000+0000
13,Men's Sports Shorts,null,45FE0D77-6645-473C-A116-1232BAEA8D43,2006-06-01T00:00:00.000+0000
14,ML Mountain Frame,null,0D48C51D-7603-4010-9265-0491805BB010,2006-06-01T00:00:00.000+0000
15,ML Mountain Frame-W,null,AA77697C-6D1C-48F1-845C-3CB089498715,2006-06-01T00:00:00.000+0000
16,ML Road Frame,null,3494E8FF-7DAF-4860-ABF6-97842048E272,2005-06-01T00:00:00.000+0000
17,ML Road Frame-W,null,CA18ECFD-2023-4FA7-A556-0321153BCA34,2006-06-01T00:00:00.000+0000
18,Mountain Bike Socks,null,36B1A76A-DFF3-4A55-86F9-65EB1CB18D7B,2005-06-01T00:00:00.000+0000
19,Mountain-100,"<?xml-stylesheet href=""ProductDescription.xsl"" type=""text/xsl""?><p1:ProductDescription xmlns:p1=""http://schemas.microsoft.com/sqlserver/2004/07/adventure-works/ProductModelDescription"" xmlns:wm=""http://schemas.microsoft.com/sqlserver/2004/07/adventure-works/ProductModelWarrAndMain"" xmlns:wf=""http://www.adventure-works.com/schemas/OtherFeatures"" xmlns:html=""http://www.w3.org/1999/xhtml"" ProductModelID=""19"" ProductModelName=""Mountain 100""><p1:Summary><html:p>Our top-of-the-line competition mountain bike.
 				Performance-enhancing options include the innovative HL Frame,
				super-smooth front suspension, and traction for all terrain.
                        </html:p></p1:Summary><p1:Manufacturer><p1:Name>AdventureWorks</p1:Name><p1:Copyright>2002</p1:Copyright><p1:ProductURL>HTTP://www.Adventure-works.com</p1:ProductURL></p1:Manufacturer><p1:Features>These are the product highlights.
                 <wm:Warranty><wm:WarrantyPeriod>3 years</wm:WarrantyPeriod><wm:Description>parts and labor</wm:Description></wm:Warranty><wm:Maintenance><wm:NoOfYears>10 years</wm:NoOfYears><wm:Description>maintenance contract available through your dealer or any AdventureWorks retail store.</wm:Description></wm:Maintenance><wf:wheel>High performance wheels.</wf:wheel><wf:saddle><html:i>Anatomic design</html:i> and made from durable leather for a full-day of riding in comfort.</wf:saddle><wf:pedal><html:b>Top-of-the-line</html:b> clipless pedals with adjustable tension.</wf:pedal><wf:BikeFrame>Each frame is hand-crafted in our Bothell facility to the optimum diameter
				and wall-thickness required of a premium mountain frame.
				The heat-treated welded aluminum frame has a larger diameter tube that absorbs the bumps.</wf:BikeFrame><wf:crankset> Triple crankset; alumunim crank arm; flawless shifting. </wf:crankset></p1:Features><!-- add one or more of these elements... one for each specific product in this product model --><p1:Picture><p1:Angle>front</p1:Angle><p1:Size>small</p1:Size><p1:ProductPhotoID>118</p1:ProductPhotoID></p1:Picture><!-- add any tags in <specifications> --><p1:Specifications> These are the product specifications.
                   <Material>Almuminum Alloy</Material><Color>Available in most colors</Color><ProductLine>Mountain bike</ProductLine><Style>Unisex</Style><RiderExperience>Advanced to Professional riders</RiderExperience></p1:Specifications></p1:ProductDescription>",FCA0665B-B956-489A-A5EC-6F0B4AA14D02,2005-06-01T00:00:00.000+0000
20,Mountain-200,null,3B78EDFF-2AA9-4AC1-8C3D-94090B5F53A9,2006-06-01T00:00:00.000+0000
21,Mountain-300,null,ECDDD0D7-2DB2-464D-B2DA-89BFFC6276AA,2006-06-01T00:00:00.000+0000
22,Mountain-400-W,null,6D2FCCE4-FFCE-4662-A3F8-5D18F0EEDCD8,2007-06-01T00:00:00.000+0000
23,Mountain-500,"<?xml-stylesheet href=""ProductDescription.xsl"" type=""text/xsl""?><p1:ProductDescription xmlns:p1=""http://schemas.microsoft.com/sqlserver/2004/07/adventure-works/ProductModelDescription"" xmlns:wm=""http://schemas.microsoft.com/sqlserver/2004/07/adventure-works/ProductModelWarrAndMain"" xmlns:wf=""http://www.adventure-works.com/schemas/OtherFeatures"" xmlns:html=""http://www.w3.org/1999/xhtml"" ProductModelID=""23"" ProductModelName=""Mountain-500""><p1:Summary><html:p>Suitable for any type of riding, on or off-road.
			Fits any budget. Smooth-shifting with a comfortable ride.
                        </html:p></p1:Summary><p1:Manufacturer><p1:Name>AdventureWorks</p1:Name><p1:Copyright>2002</p1:Copyright><p1:ProductURL>HTTP://www.Adventure-works.com</p1:ProductURL></p1:Manufacturer><p1:Features>Product highlights include:
                 <wm:Warranty><wm:WarrantyPeriod>1 year</wm:WarrantyPeriod><wm:Description>parts and labor</wm:Description></wm:Warranty><wm:Maintenance><wm:NoOfYears>3 years</wm:NoOfYears><wm:Description>maintenance contact available through dealer</wm:Description></wm:Maintenance><wf:wheel>Stable, durable wheels suitable for novice riders.</wf:wheel><wf:saddle>Made from synthetic leather and features gel padding for increased comfort.</wf:saddle><wf:pedal><html:b>Expanded platform</html:b> so you can ride in any shoes; great for all-around riding.</wf:pedal><wf:crankset> Super rigid spindle. </wf:crankset><wf:BikeFrame>Our best value frame utilizing the same, ground-breaking technology as the ML aluminum frame.</wf:BikeFrame></p1:Features><!-- add one or more of these elements... one for each specific product in this product model --><p1:Picture><p1:Angle>front</p1:Angle><p1:Size>small</p1:Size><p1:ProductPhotoID>1</p1:ProductPhotoID></p1:Picture><!-- add any tags in <specifications> --><p1:Specifications> These are the product specifications.
                   <Height>Varies</Height> Centimeters.
                   <Material>Aluminum Alloy</Material><Color>Available in all colors.</Color><ProductLine>Mountain bike</ProductLine><Style>Unisex</Style><RiderExperience>Novice to Intermediate riders</RiderExperience></p1:Specifications></p1:ProductDescription>",866DBAD3-5999-4329-BEAC-D826D959D9A1,2006-11-20T09:56:38.273+0000
24,Racing Socks,null,BD8BA6F8-7E16-4FA3-B3B3-2036DD4A2AE0,2007-06-01T00:00:00.000+0000
25,Road-150,"<?xml-stylesheet href=""ProductDescription.xsl"" type=""text/xsl""?><p1:ProductDescription xmlns:p1=""http://schemas.microsoft.com/sqlserver/2004/07/adventure-works/ProductModelDescription"" xmlns:wm=""http://schemas.microsoft.com/sqlserver/2004/07/adventure-works/ProductModelWarrAndMain"" xmlns:wf=""http://www.adventure-works.com/schemas/OtherFeatures"" xmlns:html=""http://www.w3.org/1999/xhtml"" ProductModelID=""25"" ProductModelName=""Road-150""><p1:Summary><html:p>This bike is ridden by race winners. Developed with the
			Adventure Works Cycles professional race team, it has a extremely light
			heat-treated aluminum frame, and steering that allows precision control.
                        </html:p></p1:Summary><p1:Manufacturer><p1:Name>AdventureWorks</p1:Name><p1:Copyright>2002</p1:Copyright><p1:ProductURL>HTTP://www.Adventure-works.com</p1:ProductURL></p1:Manufacturer><p1:Features>These are the product highlights.
                 <wm:Warranty><wm:WarrantyPeriod>4 years</wm:WarrantyPeriod><wm:Description>parts and labor</wm:Description></wm:Warranty><wm:Maintenance><wm:NoOfYears>7 years</wm:NoOfYears><wm:Description>maintenance contact available through dealer or any Adventure Works Cycles retail store.</wm:Description></wm:Maintenance><wf:handlebar>Designed for racers; high-end anatomically shaped bar from aluminum alloy.</wf:handlebar><wf:wheel>Strong wheels with double-walled rims.</wf:wheel><wf:saddle><html:i>Lightweight </html:i> kevlar racing saddle.</wf:saddle><wf:pedal><html:b>Top-of-the-line</html:b> clipless pedals with adjustable tension.</wf:pedal><wf:BikeFrame><html:i>Our lightest and best quality </html:i> aluminum frame made from the newest alloy;
			it is welded and heat-treated for strength.
			Our innovative design results in maximum comfort and performance.</wf:BikeFrame></p1:Features><!-- add one or more of these elements... one for each specific product in this product model --><p1:Picture><p1:Angle>front</p1:Angle><p1:Size>small</p1:Size><p1:ProductPhotoID>126</p1:ProductPhotoID></p1:Picture><!-- add any tags in <specifications> --><p1:Specifications> These are the product specifications.
                   <Material>Aluminum</Material><Color>Available in all colors.</Color><ProductLine>Road bike</ProductLine><Style>Unisex</Style><RiderExperience>Intermediate to Professional riders</RiderExperience></p1:Specifications></p1:ProductDescription>",94FFB702-0CBC-4E3F-B840-C51F0D11C8F6,2005-06-01T00:00:00.000+0000
26,Road-250,null,3770C5E3-8DC9-43C7-B735-7AFF21645D96,2006-06-01T00:00:00.000+0000
27,Road-350-W,null,DFE49035-7720-4FF4-B28B-16250EE46259,2007-06-01T00:00:00.000+0000
28,Road-450,"<?xml-stylesheet href=""ProductDescription.xsl"" type=""text/xsl""?><p1:ProductDescription xmlns:p1=""http://schemas.microsoft.com/sqlserver/2004/07/adventure-works/ProductModelDescription"" xmlns:wm=""http://schemas.microsoft.com/sqlserver/2004/07/adventure-works/ProductModelWarrAndMain"" xmlns:wf=""http://www.adventure-works.com/schemas/OtherFeatures"" xmlns:html=""http://www.w3.org/1999/xhtml"" ProductModelID=""28"" ProductModelName=""Road-450""><p1:Summary><html:p>A true multi-sport bike that offers streamlined riding and a revolutionary design.
			       Aerodynamic design lets you ride with the pros, and the gearing will conquer hilly roads.
                        </html:p></p1:Summary><p1:Manufacturer><p1:Name>AdventureWorks</p1:Name><p1:Copyright>2002</p1:Copyright><p1:ProductURL>HTTP://www.Adventure-works.com</p1:ProductURL></p1:Manufacturer><p1:Features>These are the product highlights.
                 <wm:Warranty><wm:WarrantyPeriod>1 year</wm:WarrantyPeriod><wm:Description>parts and labor</wm:Description></wm:Warranty><wm:Maintenance><wm:NoOfYears>5 years</wm:NoOfYears><wm:Description>maintenance contact available through dealer</wm:Description></wm:Maintenance><wf:handlebar><html:i>Incredibly strong</html:i> professional grade handlebar.</wf:handlebar><wf:wheel>Aluminum alloy rim with stainless steel spokes; built for speed on our high quality rubber tires.</wf:wheel><wf:saddle><html:i>Comfortable</html:i> saddle with bump absorping rubber bumpers.</wf:saddle><wf:pedal><html:b>Top-of-the-line</html:b> clipless pedals with adjustable tension.</wf:pedal><wf:BikeFrame><html:i>aluminum alloy </html:i> frame
                     and features a lightweight down-tube milled to the perfect diameter for optimal strength.</wf:BikeFrame></p1:Features><!-- add one or more of these elements... one for each specific product in this product model --><p1:Picture><p1:Angle>front</p1:Angle><p1:Size>small</p1:Size><p1:ProductPhotoID>111</p1:ProductPhotoID></p1:Picture><!-- add any tags in <specifications> --><p1:Specifications> These are the product specifications.
                   <Height>Varies</Height> Centimeters.
                   <Material>Aluminum Alloy</Material><Weight>Varies with size </Weight><Color>Available in all colors.</Color><ProductLine>Road bike</ProductLine><Style>Unisex</Style><RiderExperience>Novice to Advanced riders</RiderExperience></p1:Specifications></p1:ProductDescription>",8456BB94-B4DD-4A47-A76B-D0E54AB4285D,2005-06-01T00:00:00.000+0000
29,Road-550-W,null,F85F84F2-9CE0-4ECC-9C29-E78021FFC877,2006-06-01T00:00:00.000+0000
30,Road-650,null,42E1C597-6DD9-4071-B1A5-1DC5CDCBDBCA,2005-06-01T00:00:00.000+0000
31,Road-750,null,2BF795F4-2666-4691-AF14-D490C7334A8A,2006-11-20T09:56:38.273+0000
32,Short-Sleeve Classic Jersey,null,6BECCF2D-EACD-496B-995B-D692567565CD,2007-06-01T00:00:00.000+0000
33,Sport-100,null,47F7C450-D16A-4CEA-BE6E-2D6C8C8F81EE,2005-06-01T00:00:00.000+0000
34,Touring-1000,"<?xml-stylesheet href=""ProductDescription.xsl"" type=""text/xsl""?><p1:ProductDescription xmlns:p1=""http://schemas.microsoft.com/sqlserver/2004/07/adventure-works/ProductModelDescription"" xmlns:wm=""http://schemas.microsoft.com/sqlserver/2004/07/adventure-works/ProductModelWarrAndMain"" xmlns:wf=""http://www.adventure-works.com/schemas/OtherFeatures"" xmlns:html=""http://www.w3.org/1999/xhtml"" ProductModelID=""34"" ProductModelName=""Touring-1000""><p1:Summary><html:p>Travel in style and comfort. Designed for maximum comfort and safety.
			Wide gear range takes on all hills. High-tech aluminum alloy construction provides durability without added weight.
                        </html:p></p1:Summary><p1:Manufacturer><p1:Name>AdventureWorks</p1:Name><p1:Copyright>2002</p1:Copyright><p1:ProductURL>HTTP://www.Adventure-works.com</p1:ProductURL></p1:Manufacturer><p1:Features>These are the product highlights.
                 <wm:Warranty><wm:WarrantyPeriod>1 year</wm:WarrantyPeriod><wm:Description>parts and labor</wm:Description></wm:Warranty><wm:Maintenance><wm:NoOfYears>5 years</wm:NoOfYears><wm:Description>maintenance contact available through dealer</wm:Description></wm:Maintenance><wf:handlebar>A light yet stiff aluminum bar for long distance riding.</wf:handlebar><wf:wheel>Excellent aerodynamic rims guarantee a smooth ride.</wf:wheel><wf:saddle><html:i>Cut-out shell </html:i> for a more comfortable ride.</wf:saddle><wf:pedal>A stable pedal for all-day riding.</wf:pedal><wf:BikeFrame><html:i>aluminum alloy </html:i> frame
                     and features a lightweight down-tube milled to the perfect diameter for optimal strength.</wf:BikeFrame></p1:Features><!-- add one or more of these elements... one for each specific product in this product model --><p1:Picture><p1:Angle>front</p1:Angle><p1:Size>small</p1:Size><p1:ProductPhotoID>87</p1:ProductPhotoID></p1:Picture><!-- add any tags in <specifications> --><p1:Specifications> These are the product specifications.

                   <Material>Aluminum alloy </Material><Color>Available in most colors.</Color><ProductLine>Touring bike</ProductLine><Style>Unisex</Style><RiderExperience>Novice to Advanced riders</RiderExperience></p1:Specifications></p1:ProductDescription>",52E7F2C1-DBFF-4518-927D-C7D46F9ED32E,2006-11-20T09:56:38.273+0000
35,Touring-2000,"<?xml-stylesheet href=""ProductDescription.xsl"" type=""text/xsl""?><p1:ProductDescription xmlns:p1=""http://schemas.microsoft.com/sqlserver/2004/07/adventure-works/ProductModelDescription"" xmlns:wm=""http://schemas.microsoft.com/sqlserver/2004/07/adventure-works/ProductModelWarrAndMain"" xmlns:wf=""http://www.adventure-works.com/schemas/OtherFeatures"" xmlns:html=""http://www.w3.org/1999/xhtml"" ProductModelID=""35"" ProductModelName=""Touring-2000""><p1:Summary><html:p>The plush custom saddle keeps you riding all day, and there's plenty of space
			 to add panniers and bike bags to the newly-redesigned carrier.
				This bike has great stability when fully-loaded.
                        </html:p></p1:Summary><p1:Manufacturer><p1:Name>AdventureWorks</p1:Name><p1:Copyright>2002</p1:Copyright><p1:ProductURL>HTTP://www.Adventure-works.com</p1:ProductURL></p1:Manufacturer><p1:Features>These are the product highlights.
                 <wm:Warranty><wm:WarrantyPeriod>1 year</wm:WarrantyPeriod><wm:Description>parts and labor</wm:Description></wm:Warranty><wm:Maintenance><wm:NoOfYears>5 years</wm:NoOfYears><wm:Description>maintenance contact available through dealer</wm:Description></wm:Maintenance><wf:handlebar>A light yet stiff aluminum bar for long distance riding.</wf:handlebar><wf:saddle><html:i>New design </html:i> relieves pressure for long rides.</wf:saddle><wf:pedal><html:b>Top-of-the-line</html:b> clipless pedals with adjustable tension.</wf:pedal><wf:crankset> High-strength crank arm. </wf:crankset><wf:BikeFrame>The aluminum frame is custom-shaped for both good looks and strength;
				it will withstand the most rigorous challenges of daily riding.</wf:BikeFrame></p1:Features><!-- add one or more of these elements... one for each specific product in this product model --><p1:Picture><p1:Angle>front</p1:Angle><p1:Size>small</p1:Size><p1:ProductPhotoID>87</p1:ProductPhotoID></p1:Picture><!-- add any tags in <specifications> --><p1:Specifications> These are the product specifications.
                   <Material>Aluminum</Material><Color>Available in all colors except metallic.</Color><ProductLine>Touring bike</ProductLine><Style>Men's</Style><FrameMaterial>Aluminium alloy</FrameMaterial><RiderExperience>Intermediate to Advanced riders</RiderExperience></p1:Specifications></p1:ProductDescription>",AA10D9E6-E33F-4DA8-ACE1-992FCD6BB171,2006-11-20T09:56:38.273+0000
36,Touring-3000,null,F5A6EC78-4451-45DB-955F-DB197DE8B059,2006-11-20T09:56:38.273+0000
37,Women's Mountain Shorts,null,A08DD61A-6155-4051-9A11-223232EA51CD,2007-06-01T00:00:00.000+0000
38,Women's Tights,null,A96FF80D-D52A-432F-9701-731BEF16EFCC,2006-06-01T00:00:00.000+0000
39,Mountain-400,null,37D261A7-00CF-4880-AC1A-533B6B4365B0,2005-06-01T00:00:00.000+0000
40,Road-550,null,30450264-4AB8-45E0-8BB5-4D407EA2950A,2006-06-01T00:00:00.000+0000
41,Road-350,null,D71BD21C-239E-4C2B-98A3-101962D6B2D3,2006-11-20T09:56:38.273+0000
42,LL Mountain Front Wheel,null,AA977B32-ACD8-4C53-A560-88A02AC1954D,2006-11-20T09:56:38.273+0000
43,Touring Rear Wheel,null,E878FCAA-61CC-4014-988A-51F52643F7AA,2009-05-16T16:34:28.997+0000
44,Touring Front Wheel,null,6DA78798-3793-4B8E-829E-DBA9D140B1D4,2009-05-16T16:34:28.997+0000
45,ML Mountain Front Wheel,null,C3FF3F93-60A8-4957-B076-B7D0984EE70F,2006-06-01T00:00:00.000+0000
46,HL Mountain Front Wheel,null,CCA597FB-195F-4EC5-BF5C-15B98D176F4C,2006-06-01T00:00:00.000+0000
47,LL Touring Handlebars,null,84138622-1EA6-489F-9C98-6E3924CFBAC0,2009-05-16T16:34:29.010+0000
48,HL Touring Handlebars,null,9DA82E49-80AD-4918-9A54-31F4B0C8EABB,2009-05-16T16:34:29.027+0000
49,LL Road Front Wheel,null,90F759C1-2073-4D9F-854B-C6B6F3BF9162,2006-06-01T00:00:00.000+0000
50,ML Road Front Wheel,null,980C8CD0-4903-41F2-9FFC-773C7FE4C254,2006-06-01T00:00:00.000+0000
51,HL Road Front Wheel,null,02A562E2-4DFA-4778-BBAC-BBDDCECF99B0,2006-06-01T00:00:00.000+0000
52,LL Mountain Handlebars,null,699C2AC5-5406-46D2-863D-DCFB23FC7943,2006-06-01T00:00:00.000+0000
53,Touring Pedal,null,B98A3207-56FC-405C-A040-3C7A90CC7890,2009-05-16T16:34:29.027+0000
54,ML Mountain Handlebars,null,C9FCC804-2CD7-4B8A-B186-9C409CC19DF9,2006-06-01T00:00:00.000+0000
55,HL Mountain Handlebars,null,782C991B-A660-4561-A3F4-9BBD74259747,2006-06-01T00:00:00.000+0000
56,LL Road Handlebars,null,A7E65199-84A8-437E-AD55-360C1DF1D788,2006-06-01T00:00:00.000+0000
57,ML Road Handlebars,null,02200AA0-C369-4D77-A67C-75973EFDA81B,2006-06-01T00:00:00.000+0000
58,HL Road Handlebars,null,2489DDC5-1C89-4DEC-AF22-B0112CCEC467,2006-06-01T00:00:00.000+0000
59,LL Headset,null,39AFBBA9-0F6C-44EE-B5E1-32FA93F897E6,2006-06-01T00:00:00.000+0000
60,ML Headset,null,6BA9F3B6-E08B-4AC2-A725-B41114C2A283,2006-06-01T00:00:00.000+0000
61,HL Headset,null,E196D02E-9BF6-4C67-B772-ED9F86CCF44C,2006-06-01T00:00:00.000+0000
62,LL Mountain Pedal,null,8123F7E2-A5F4-4047-B69D-E74313DFEBCE,2007-06-01T00:00:00.000+0000
63,ML Mountain Pedal,null,BE9CDC56-F4AB-40F1-B338-2E08E0627ABD,2007-06-01T00:00:00.000+0000
64,HL Mountain Pedal,null,8DA73708-8DAE-44AE-AC6C-6E37022C1FFE,2007-06-01T00:00:00.000+0000
65,ML Touring Seat/Saddle,null,63A2199F-F5B5-49BD-BCFC-BEC1D1D16D8B,2007-06-01T00:00:00.000+0000
66,LL Touring Seat/Saddle,null,4A17C43A-1A55-41BB-BC97-612F47CEDEB3,2009-05-16T16:34:29.043+0000
67,HL Touring Seat/Saddle,null,059A2000-7549-4B49-8E0C-2DE6B2771EF4,2009-05-16T16:34:29.043+0000
68,LL Road Pedal,null,218B016C-7454-4193-B518-21955C783D72,2007-06-01T00:00:00.000+0000
69,ML Road Pedal,null,3CDF61D6-6209-436F-B235-82E8F159208B,2007-06-01T00:00:00.000+0000
70,HL Road Pedal,null,35677B42-72CA-4D9E-A966-DD874B83EF45,2007-06-01T00:00:00.000+0000
71,LL Mountain Seat/Saddle 1,null,A166AF4C-87BB-41AA-8496-D76B26008FB3,2007-06-01T00:00:00.000+0000
72,ML Mountain Seat/Saddle 1,null,BAA9405B-68CA-4C18-BC9C-1C4ACF49BAFC,2007-06-01T00:00:00.000+0000
73,HL Mountain Seat/Saddle 1,null,BBE4918F-198D-43C7-9F4B-79BC2AA08F2B,2007-06-01T00:00:00.000+0000
74,LL Road Seat/Saddle 2,null,24E3E7D4-4053-4035-9D69-F451642F0C1E,2007-06-01T00:00:00.000+0000
75,ML Road Seat/Saddle 1,null,394ED69C-2CC4-4A85-9080-8534112B66FE,2007-06-01T00:00:00.000+0000
76,HL Road Seat/Saddle 1,null,B83AB7AE-BA3F-40DF-8296-361915A3A60C,2007-06-01T00:00:00.000+0000
77,ML Road Rear Wheel,null,15702F98-BD92-4FE8-86BC-52F5FD049D3D,2006-06-01T00:00:00.000+0000
78,HL Road Rear Wheel,null,438CBCFA-05FF-4A29-AD95-ECF41DCB83D5,2006-06-01T00:00:00.000+0000
79,LL Mountain Seat/Saddle 2,null,8BBEB399-5A87-4E40-9F52-462FB54F2183,2007-06-01T00:00:00.000+0000
80,ML Mountain Seat/Saddle 2,null,5CEFBB6E-3B7E-414F-AC1B-8F6DF741FB21,2007-06-01T00:00:00.000+0000
81,HL Mountain Seat/Saddle 2,null,98726F80-E9B9-4141-9CF5-BD2EF07DCE25,2007-06-01T00:00:00.000+0000
82,LL Road Seat/Saddle 1,null,00CE9171-8944-4D49-BA37-485C1D122F5C,2007-06-01T00:00:00.000+0000
83,ML Road Seat/Saddle 2,null,FEEB8440-446E-4DF8-9482-D529C4FC5E8F,2007-06-01T00:00:00.000+0000
84,HL Road Seat/Saddle 2,null,0D3A6AD7-6891-4DE9-B14F-E1A841EB220C,2007-06-01T00:00:00.000+0000
85,LL Mountain Tire,null,E3CDC5DD-27C3-4891-9D5E-0D46D1B8457F,2007-06-01T00:00:00.000+0000
86,ML Mountain Tire,null,0434F63A-A361-4D0B-A9FC-8AC2A866CE85,2007-06-01T00:00:00.000+0000
87,HL Mountain Tire,null,CE1B1064-6679-4212-8F56-2B2617EC56A5,2007-06-01T00:00:00.000+0000
88,LL Road Tire,null,E7B00DFF-8136-4947-B503-994584CC89E7,2007-06-01T00:00:00.000+0000
89,ML Road Tire,null,D566EB0F-6945-43D8-BC40-BB3D2F4EF7ED,2007-06-01T00:00:00.000+0000
90,HL Road Tire,null,A4B205DF-955A-494E-8428-1898AEA76F24,2007-06-01T00:00:00.000+0000
91,Touring Tire,null,3BCC63D6-9340-4B93-B5F2-73FA90758BF5,2007-06-01T00:00:00.000+0000
92,Mountain Tire Tube,null,8CFBE7F2-EEC3-4BA6-8187-C8A3614F1F0B,2007-06-01T00:00:00.000+0000
93,Road Tire Tube,null,2771D2D2-2E35-4C12-966E-CE9070DF6D53,2007-06-01T00:00:00.000+0000
94,Touring Tire Tube,null,DEEEA9BC-3C8C-4E73-B6B0-64C81A5D99E3,2007-06-01T00:00:00.000+0000
95,LL Bottom Bracket,null,217E7475-D3F4-46FA-836A-D9E53103E71B,2007-06-01T00:00:00.000+0000
96,ML Bottom Bracket,null,09CAA74E-F47B-4FCA-B206-9D3E46DF9751,2007-06-01T00:00:00.000+0000
97,HL Bottom Bracket,null,816360E1-3DEE-4568-BF2F-9828243D887B,2007-06-01T00:00:00.000+0000
98,Chain,null,ACA920B2-D0F9-49F3-B879-573202B08C2F,2007-06-01T00:00:00.000+0000
99,LL Crankset,null,5B59F032-9B73-4D90-B252-EAFD6A871FF1,2007-06-01T00:00:00.000+0000
100,ML Crankset,null,68C6CB29-D94A-40C5-AAAD-90AA6E7C5EA1,2007-06-01T00:00:00.000+0000
101,HL Crankset,null,809668A3-D492-41FB-A196-CFE092A12AA2,2007-06-01T00:00:00.000+0000
102,Front Brakes,null,1099A23A-C9ED-41B1-8CC1-E2C1C54A10C8,2007-06-01T00:00:00.000+0000
103,Front Derailleur,null,10E0C8FD-CA13-437B-8E22-51853AE160A7,2007-06-01T00:00:00.000+0000
104,LL Fork,null,0481D7E1-4970-4EFA-A560-020F6579918D,2006-06-01T00:00:00.000+0000
105,ML Fork,null,5F115AA4-0553-4478-84B3-5DCF3ABE0D08,2006-06-01T00:00:00.000+0000
106,HL Fork,null,7706A8FD-9513-40BC-95E8-301B55B67DB2,2006-06-01T00:00:00.000+0000
107,Hydration Pack,null,CFEEF30F-F059-4447-92A8-47001E69F3DB,2007-06-01T00:00:00.000+0000
108,Taillight,null,DBA643D4-4CF2-4507-B947-E817D8C5792B,2006-06-01T00:00:00.000+0000
109,Headlights - Dual-Beam,null,7B17EBF1-CB73-4934-9689-1DC26CF22D9C,2006-06-01T00:00:00.000+0000
110,Headlights - Weatherproof,null,1FADB88F-AF88-4E94-BB1E-6158C48E6B40,2006-06-01T00:00:00.000+0000
111,Water Bottle,null,3688268A-260C-48BF-BF71-FFF350D4D3D5,2007-06-01T00:00:00.000+0000
112,Mountain Bottle Cage,null,2194E65B-9C13-46E1-A655-3EBFF8A96719,2007-06-01T00:00:00.000+0000
113,Road Bottle Cage,null,9416C2DD-55D8-469D-8EDF-EF447C511897,2007-06-01T00:00:00.000+0000
114,Patch kit,null,7C738101-C01E-45A2-A0E0-B28AEBA1DC40,2007-06-01T00:00:00.000+0000
115,Cable Lock,null,E7E17F11-A7FD-4C3C-B701-68F0AE26143E,2006-06-01T00:00:00.000+0000
116,Minipump,null,90CEF1A7-D817-403E-814C-40E305EEEFEF,2006-06-01T00:00:00.000+0000
117,Mountain Pump,null,B35598F6-B413-4138-8081-5DC7D4C64B64,2006-06-01T00:00:00.000+0000
118,Hitch Rack - 4-Bike,null,F570E0D1-E978-4FF2-B5B1-08F01AB60219,2007-06-01T00:00:00.000+0000
119,Bike Wash,null,90B1B93D-EBC8-44A2-AC08-CDD1D20CA39C,2007-06-01T00:00:00.000+0000
120,Touring-Panniers,null,F06999A1-3AA7-4E85-B8CB-049EB2C391FA,2006-06-01T00:00:00.000+0000
121,Fender Set - Mountain,null,C88D1136-A8BB-46BB-94AA-8C1854F813CC,2007-06-01T00:00:00.000+0000
122,All-Purpose Bike Stand,null,6EAB8607-D927-40E1-AF30-D8A2A953050C,2007-06-01T00:00:00.000+0000
123,LL Mountain Rear Wheel,null,29521F66-2926-471F-867B-668B0B9EC2B0,2006-06-01T00:00:00.000+0000
124,ML Mountain Rear Wheel,null,D968D774-778E-4399-A3C5-375176418229,2006-06-01T00:00:00.000+0000
125,HL Mountain Rear Wheel,null,95450545-ADF7-48F3-899E-964DE8920DC6,2006-06-01T00:00:00.000+0000
126,LL Road Rear Wheel,null,95946BD4-C6D9-4344-8066-317D8957EA21,2006-06-01T00:00:00.000+0000
127,Rear Derailleur,null,F9327E5D-F8B6-40C5-BFA9-63F886BDFC24,2007-06-01T00:00:00.000+0000
128,Rear Brakes,null,71D47AFD-DA3A-43F1-83AD-69C71F96EF33,2007-06-01T00:00:00.000+0000
